{"cameraMode":{"drawMode":0,"name":"Shaded","section":"Shading Mode"},"sceneLighting":true,"audioPlay":false,"sceneViewState":{"showFog":true,"showMaterialUpdate":false,"showSkybox":true,"showFlares":true,"showImageEffects":true,"showParticleSystems":true},"in2DMode":false,"pivot":{"x":3.009918212890625,"y":-1.028045415878296,"z":-1.2624857425689698},"rotation":{"x":-0.028155209496617318,"y":0.7411866188049316,"z":-0.03114832378923893,"w":-0.6699926257133484},"size":23.660377502441408,"orthographic":false}