{"cameraMode":{"drawMode":0,"name":"Shaded","section":"Shading Mode"},"sceneLighting":true,"audioPlay":false,"sceneViewState":{"showFog":true,"showMaterialUpdate":false,"showSkybox":true,"showFlares":true,"showImageEffects":true,"showParticleSystems":true},"in2DMode":false,"pivot":{"x":5.598951816558838,"y":-6.997288703918457,"z":26.856948852539064},"rotation":{"x":0.12755446135997773,"y":0.8723982572555542,"z":-0.32837358117103579,"w":0.33888286352157595},"size":21.100202560424806,"orthographic":false}